{
  "timestamp": "20260321_020846",
  "passed": 4,
  "total": 6,
  "results": {
    "test_fake_stylegan2": {
      "fft_anomaly_score": 0.6162004470825195,
      "high_freq_energy": 0.399774968624115,
      "mid_freq_ratio": 0.6516364216804504,
      "dct_score": 0.5396647453308105,
      "phase_anomaly_score": 0.5550993084907532,
      "dwt_score": 0.02005031396375069,
      "anomaly_score": 0.46561626730248523
    },
    "test_fake_faceswap": {
      "fft_anomaly_score": 1.0,
      "high_freq_energy": 0.6213262677192688,
      "mid_freq_ratio": 0.8231632113456726,
      "dct_score": 1.0,
      "phase_anomaly_score": 0.8930395245552063,
      "dwt_score": 0.0,
      "anomaly_score": 0.7786079049110413
    },
    "test_fake_diffusion": {
      "fft_anomaly_score": 1.0,
      "high_freq_energy": 0.6395410299301147,
      "mid_freq_ratio": 0.860852837562561,
      "dct_score": 1.0,
      "phase_anomaly_score": 0.5920495986938477,
      "dwt_score": 0.0,
      "anomaly_score": 0.7184099197387696
    },
    "test_real_ffhq": {
      "fft_anomaly_score": 0.4757997989654541,
      "high_freq_energy": 0.36181867122650146,
      "mid_freq_ratio": 0.6279353499412537,
      "dct_score": 1.0,
      "phase_anomaly_score": 0.583990752696991,
      "dwt_score": 0.03191758102002726,
      "anomaly_score": 0.5397115963813126
    },
    "test_compressed_fake": {
      "fft_anomaly_score": 0.5494223833084106,
      "high_freq_energy": 0.4349895417690277,
      "mid_freq_ratio": 0.7143282294273376,
      "dct_score": 1.0,
      "phase_anomaly_score": 0.5679928064346313,
      "dwt_score": 0.05728149766009662,
      "anomaly_score": 0.5673526949768893
    }
  }
}